角色,标签,换装形态,标签,星级,皮肤,标签,皮肤,标签,皮肤,标签,皮肤,标签,皮肤,标签,皮肤,标签
里芙·贝斯特拉,girl002,里芙-宿舍,_01,0,默认,,温泉,a,,,,,,,,
里芙·贝斯特拉,girl002,里芙-星期三,,4,默认,,星宇巡游,_02,归航一心,_03,不灭银星,_04,,,,
里芙·贝斯特拉,girl002,里芙-狂猎,a,5,默认,,宵宴绯盏,_02,霜舞盛典,_03,街头规则,_04,,,,
里芙·贝斯特拉,girl002,里芙-无限之视,b,5,默认,,爱意凝晶,_02,,,,,,,,
芬妮·戈尔登,girl008,芬妮-宿舍,_01,0,默认,,温泉,a,,,,,,,,
芬妮·戈尔登,girl008,芬妮-黄金狮子,,4,默认,,妄想新星,_02,不灭傲姿,_03,璨夜华彩,_05,,,,
芬妮·戈尔登,girl008,芬妮-咎冠,a,5,默认,,蜂刺蔷薇,_02,初晴金雪,_03,甜蜜统治,_05,甜蜜统治-旧,_04,,
芬妮·戈尔登,girl008,芬妮-辉耀,b,5,默认,,绽于恋时,_02,金狮舞瑞,_03,疾速耀星,_04,,,,
芙提雅·伊格妮丝,girl004,芙提雅-宿舍,_01,0,默认,,温泉,a,,,,,,,,
芙提雅·伊格妮丝,girl004,芙提雅-小太阳,,4,默认,,炽热御护,_02,不灭耀心,_04,青叶密裹,_05,,,,
芙提雅·伊格妮丝,girl004,芙提雅-缄默,a,5,默认,,行疾脱兔,_02,狂曲雅跃,_03,,,,,,
芙提雅·伊格妮丝,girl004,芙提雅-烈兔,b,5,默认,,毛绒派对,_02,草莓甜心,_03,,,,,,
茉莉安·安德烈奥蒂,girl005,茉莉安-宿舍,_01,0,默认,,温泉,a,,,,,,,,
茉莉安·安德烈奥蒂,girl005,茉莉安-绷带小姐,,4,默认,,,,,,,,,,,
茉莉安·安德烈奥蒂,girl005,茉莉安-雨燕,a,5,默认,,一掷千金,_02,绯染夜幕,_03,,,,,,
茉莉安·安德烈奥蒂,girl005,茉莉安-幽潮,b,5,默认,,灿阳一刻,_02,绒尾迷梦,_03,,,,,,
肴,girl010,肴-宿舍,_01,0,默认,,温泉,a,,,,,,,,
肴,girl010,肴-养生专家,,4,默认,,工作宗旨,_02,不灭残辉,_03,,,,,,
肴,girl010,肴-冬至,a,5,默认,,粼粼尾浪,_03,雪岭焰行,_02,暖馨侍奉,_04,,,,
肴,girl010,肴-夜天光,b,5,默认,,暖夜情醺,_02,,,,,,,,
安卡希雅,girl001,安卡希雅-宿舍,_01,0,默认,,温泉,a,,,,,,,,
安卡希雅,girl001,安卡希雅-不予显示,,4,默认,,不灭榜首,_03,,,,,,,,
安卡希雅,girl001,安卡希雅-辉夜,a,5,默认,,次元追忆,_02,东流映荷,_03,,,,,,
姬辰星,girl014,辰星-宿舍,_01,0,默认,,温泉,a,,,,,,,,
姬辰星,girl014,辰星-观测者,,4,默认,,不灭守望,_02,,,,,,,,
姬辰星,girl014,辰星-云篆,a,5,默认,,丹翎野鹤,_02,波光倩影,_03,点墨化龙,_04,,,,
姬辰星,girl014,辰星-琼弦,b,5,默认,,欣描红妆,_02,,,,,,,,
瑟瑞丝,girl013,瑟瑞丝-宿舍,_01,0,默认,,温泉,a,,,,,,,,
瑟瑞丝,girl013,瑟瑞丝-小金鱼,,4,默认,,,,,,,,,,,
瑟瑞丝,girl013,瑟瑞丝-瞬刻,a,5,默认,,瞬刻妩态(默认2),_03,须臾蹁跹,_02,斑斓水色,_04,纯白午后,_05,,
鸣濑晴,girl006,晴-宿舍,_01,0,默认,,温泉,a,,,,,,,,
鸣濑晴,girl006,晴-旧日王牌,,4,默认,,,,,,,,,,,
鸣濑晴,girl006,晴-藏锋,a,5,默认,,凛冽冬花,_02,循风谍舞,_03,,,,,,
苔丝·科特金,girl017,苔丝-宿舍,_01,0,默认,,温泉,a,,,,,,,,
苔丝·科特金,girl017,苔丝-魔术师,,5,默认,,流放欢愉,_02,秘密约会,_03,,,,,,
凯茜娅·克莱因,girl015,凯茜娅-宿舍,_01,0,默认,,温泉,a,,,,,,,,
凯茜娅·克莱因,girl015,凯茜娅-蓝闪,,5,默认,,日常出行(默认2),_03,远曲独舞,_02,贴身特助,_04,幽闪魅踪,_06,贴身特助（赠）,_05
凯茜娅·克莱因,girl015,凯茜娅-朝翼,a,5,默认,,沐浪倦姿,_02,秘密彩蛋,_03,绮锦流韵,_04,,,,
伊切尔·古斯塔夫,girl016,伊切尔-宿舍,_01,0,默认,,温泉,a,,,,,,,,
伊切尔·古斯塔夫,girl016,伊切尔-豹豹,,5,默认,,迟到花蕾,_02,绒绒漫步,_03,捕猎演习,_04,,,,
琴诺·凯郭尔,girl007,琴诺-宿舍,_01,0,默认,,温泉,a,,,,,,,,
琴诺·凯郭尔,girl007,琴诺-双面,,4,默认,,,,,,,,,,,
琴诺·凯郭尔,girl007,琴诺-悖谬,a,5,默认,,见习侍奉,_02,静聆潮韵,_04,清荷雅弈,_05,,,,
恩雅·墨尔菲,girl011,恩雅-宿舍,_01,0,默认,,温泉,a,,,,,,,,
恩雅·墨尔菲,girl011,恩雅-姐姐大人,,4,默认,,情迷炎日,_02,,,,,,,,
恩雅·墨尔菲,girl011,恩雅-羽蜕,a,5,默认,,轻语疗法,_02,浅憩之处,_03,专属教练,_04,,,,
恩雅·墨尔菲,girl011,恩雅-澜风,b,5,默认,,望云清咏,_02,,,,,,,,
猫汐尔,girl012,猫汐尔-宿舍,_01,0,默认,,温泉,a,,,,,,,,
猫汐尔,girl012,猫汐尔-猫猫,,4,默认,,魂灵缚痕,_02,,,,,,,,
猫汐尔,girl012,猫汐尔-溯影,a,5,默认,,灼阳假期,_02,喵步巧跃,_03,,,,,,
妮塔,girl003,妮塔-宿舍,_01,0,默认,,温泉,a,,,,,,,,
妮塔,girl003,妮塔-四手,,4,默认,,,,,,,,,,,
妮塔,girl003,妮塔-悸响,a,5,默认,,林间潋滟,_02,,,,,,,,
薇蒂雅·香农,girl018,薇蒂雅-宿舍,_01,0,默认,,温泉,a,,,,,,,,
薇蒂雅·香农,girl018,薇蒂雅-龙舌兰,,5,默认,,翠翎倩姿,_02,舞夜与焰,_03,,,,,,
卜卜,girl020,卜卜-宿舍,_01,0,默认,,温泉,a,,,,,,,,
卜卜,girl020,卜卜-小天师,,5,默认,,元气愈养,_02,,,,,,,,
奈莉德,girl021,奈莉德-宿舍,_01,0,默认,,温泉,a,,,,,,,,
奈莉德,girl021,奈莉德-冥河代理人,,5,默认,,晨曦统令,_02,,,,,,,,
